{"file_hashes":[{"block_hashes":["i4JGg21falOvJFlGwBIH49/b27WBq1WnWKdXKXcIGM4="],"block_size":4096,"path":"_locales/vn/messages.json"},{"block_hashes":["qw8xlIHsLj7F1j7ItWP3+Y1IAdbm+eEiEWbpVMM8JBw=","41Y/ZHCY77Cl0tUyrOjmvbavq677sKQ/D/JI0lhXc/o=","u49lGq7a+UAdlD1J99t3mJGg7rRlEpt7dZ5XSs6dOYY=","aqotCq3pO6seJQVwQjstjY4Od4XlzAWbkLP0xfLFXAQ=","5fgNGCfhrhwGsHJ58K2nocJduAJDlRItg/cS62AszVk=","f2iD5bPkhhZn5FOrjljpdUer+CIym7PBdkR4b3Npl/0=","zIlr2KvKsshuYAqW8jCYMz9/EuRYEX82MhZFfqlUuAE=","ktqcM0lVb7Rwcr4WU/uJ4tRULObpIcRWQ+3uZ4TjoLo="],"block_size":4096,"path":"background.js"},{"block_hashes":["OBuK7weMcklHR4oi2UdijjZRF7f4GsuuN99BePNBk3M="],"block_size":4096,"path":"captured.html"},{"block_hashes":["Skjej94/Wqtfo7xZBUSXE3vwzNy84aYdMDR1J5cq94o=","9sxjyW4Hc8JbMsXgmqDUWI7dYXR/MM07MyjWf11xS2Q=","ByxWNodIct9ZxQg8HmvWlMpuIuKAJv/J1Ra3LPgRGG8="],"block_size":4096,"path":"content.js"},{"block_hashes":["AaoyWFXEyHRQEETJT1oEO5JDefwrPSOW7nc1A1VWa8Y="],"block_size":4096,"path":"document.js"},{"block_hashes":["OJb+YYJKUpQ1mqF/t1SWWchLVDMdJFgdZAgfSzNyQE0="],"block_size":4096,"path":"images/dwnlAll.png"},{"block_hashes":["oCLe0k4uK16MA4gQn0YXZHtyqaBlQPQ4sCQ5hao/xD4="],"block_size":4096,"path":"images/headBkgd.gif"},{"block_hashes":["L5TUI5FLWgvBWExSITyo630Sb0f+fyiA1z3CxdoAlAc=","+KRgcR54R2jXElJBVZ1Sgtm+u9s0rXLXzCGjj+GskpQ=","2HR20DovSWX9oOpI37+mOMQ1Gy97EYVTIeG6UBsNtAc=","OI4G2JVsHZAdl6YQSTUwDjjv2QKGf3a0y4C3yRa8Rdw="],"block_size":4096,"path":"images/headTitle.gif"},{"block_hashes":["SnqpFIv/oiDgHqEG367EMqQtjVUAWtprb0e8BY3MalA="],"block_size":4096,"path":"images/logoTonec.gif"},{"block_hashes":["0pvXblxVCqh+CE1BbDwrKoEYehYET013KdDZw4q8Iiw="],"block_size":4096,"path":"welcome.html"},{"block_hashes":["ST6fCCI2tZufVwKS6kk76mn+CRgDjKvSM+rL1CiiRcA="],"block_size":4096,"path":"welcome.js"}],"version":2}